true_subject,louvain_community,lpa_community,gnn_community
Neural_Networks,1268,8,2
Rule_Learning,795,344,5
Reinforcement_Learning,882,39,4
Reinforcement_Learning,882,294,4
Probabilistic_Methods,326,170,3
Probabilistic_Methods,326,220,3
Theory,795,220,6
Neural_Networks,1268,8,2
Neural_Networks,1268,8,2
Theory,640,308,6
Neural_Networks,2526,420,2
Genetic_Algorithms,745,572,1
Probabilistic_Methods,1452,84,3
Case_Based,795,163,0
Neural_Networks,1268,8,2
Neural_Networks,745,80,2
Reinforcement_Learning,882,294,4
Neural_Networks,745,146,2
Neural_Networks,745,127,2
Neural_Networks,1435,571,2
Theory,640,267,6
Reinforcement_Learning,882,294,4
Genetic_Algorithms,1136,163,1
Probabilistic_Methods,1654,161,3
Reinforcement_Learning,882,39,4
Theory,640,267,6
Neural_Networks,745,747,2
Probabilistic_Methods,1452,84,3
Neural_Networks,611,157,2
Rule_Learning,2614,74,3
Case_Based,289,231,0
Neural_Networks,326,8,2
Case_Based,289,231,0
Neural_Networks,611,1701,2
Reinforcement_Learning,882,294,4
Reinforcement_Learning,882,294,4
Neural_Networks,611,257,2
Reinforcement_Learning,1136,500,4
Genetic_Algorithms,1136,219,1
Reinforcement_Learning,882,39,4
Theory,640,761,6
Probabilistic_Methods,1654,1713,3
Genetic_Algorithms,1136,163,1
Neural_Networks,745,212,2
Case_Based,686,88,0
Reinforcement_Learning,326,220,4
Neural_Networks,2526,238,2
Case_Based,686,87,0
Probabilistic_Methods,1654,725,3
Case_Based,289,150,0
Case_Based,289,150,0
Probabilistic_Methods,1452,325,3
Theory,686,136,6
Genetic_Algorithms,1136,243,1
Theory,640,163,6
Genetic_Algorithms,1136,163,1
Theory,640,74,6
Reinforcement_Learning,882,294,4
Neural_Networks,1435,536,2
Neural_Networks,1814,212,2
Reinforcement_Learning,882,74,4
Case_Based,240,240,0
Probabilistic_Methods,326,423,3
Reinforcement_Learning,882,39,4
Case_Based,289,284,0
Genetic_Algorithms,1136,163,1
Case_Based,1680,35,0
Probabilistic_Methods,2115,276,3
Neural_Networks,611,131,2
Case_Based,1680,35,2
Theory,2614,74,6
Probabilistic_Methods,882,74,3
Neural_Networks,745,747,2
Reinforcement_Learning,745,747,2
Probabilistic_Methods,611,74,3
Case_Based,1680,1855,0
Probabilistic_Methods,326,131,3
Neural_Networks,1970,180,2
Theory,611,157,6
Theory,2614,227,6
Neural_Networks,745,74,2
Probabilistic_Methods,647,647,3
Reinforcement_Learning,882,39,4
Neural_Networks,745,294,2
Probabilistic_Methods,1452,84,3
Reinforcement_Learning,882,294,4
Rule_Learning,2649,249,5
Rule_Learning,686,87,0
Theory,686,88,6
Theory,686,430,6
Neural_Networks,611,74,2
Neural_Networks,745,745,2
Reinforcement_Learning,795,136,4
Probabilistic_Methods,1654,161,3
Probabilistic_Methods,1654,126,3
Probabilistic_Methods,1654,161,3
Case_Based,686,35,0
Neural_Networks,2526,420,2
Theory,640,8,6
Probabilistic_Methods,1654,2578,3
Genetic_Algorithms,1136,758,1
Neural_Networks,611,74,2
Neural_Networks,2614,404,2
Reinforcement_Learning,882,294,4
Neural_Networks,745,747,2
Probabilistic_Methods,1452,248,3
Rule_Learning,795,8,5
Probabilistic_Methods,326,250,3
Probabilistic_Methods,326,250,3
Theory,640,549,6
Neural_Networks,745,204,2
Neural_Networks,1970,180,2
Neural_Networks,745,572,2
Neural_Networks,745,747,2
Theory,640,171,6
Probabilistic_Methods,1654,1713,3
Case_Based,686,88,0
Probabilistic_Methods,1452,84,3
Reinforcement_Learning,882,294,4
Rule_Learning,686,430,5
Genetic_Algorithms,1136,163,1
Neural_Networks,1970,595,2
Neural_Networks,745,124,2
Neural_Networks,1814,87,2
Neural_Networks,745,124,2
Neural_Networks,611,160,2
Probabilistic_Methods,1654,126,3
Neural_Networks,745,124,2
Reinforcement_Learning,882,294,4
Genetic_Algorithms,1136,80,1
Theory,640,549,6
Probabilistic_Methods,326,131,3
Reinforcement_Learning,1970,180,4
Neural_Networks,611,74,2
Neural_Networks,882,74,2
Rule_Learning,795,308,6
Rule_Learning,795,136,5
Probabilistic_Methods,1654,138,3
Probabilistic_Methods,1654,138,3
Genetic_Algorithms,1136,163,1
Theory,795,74,6
Genetic_Algorithms,1136,163,1
Neural_Networks,745,227,2
Neural_Networks,1970,180,2
Neural_Networks,1136,163,2
Genetic_Algorithms,1136,163,1
Neural_Networks,745,146,2
Case_Based,795,136,0
Reinforcement_Learning,882,210,4
Case_Based,1680,35,0
Case_Based,289,150,0
Theory,326,227,6
Neural_Networks,745,80,2
Neural_Networks,882,39,2
Neural_Networks,326,74,2
Probabilistic_Methods,1452,84,3
Rule_Learning,686,236,5
Theory,611,157,2
Rule_Learning,2649,184,5
Theory,795,136,6
Neural_Networks,611,160,2
Probabilistic_Methods,1452,161,3
Reinforcement_Learning,882,294,4
Genetic_Algorithms,1136,163,1
Theory,640,74,6
Rule_Learning,2649,428,5
Case_Based,289,457,0
Reinforcement_Learning,882,294,4
Genetic_Algorithms,2667,163,1
Neural_Networks,1814,212,2
Probabilistic_Methods,326,170,3
Theory,640,171,6
Case_Based,686,430,0
Reinforcement_Learning,882,294,4
Neural_Networks,663,163,2
Neural_Networks,745,747,2
Rule_Learning,379,379,5
Theory,795,430,1
Rule_Learning,795,286,6
Neural_Networks,611,74,2
Neural_Networks,1970,180,2
Theory,611,131,6
Probabilistic_Methods,1654,468,3
Case_Based,1680,35,0
Rule_Learning,2649,184,5
Probabilistic_Methods,326,389,3
Reinforcement_Learning,882,294,4
Neural_Networks,611,74,2
Genetic_Algorithms,1136,163,1
Genetic_Algorithms,1136,163,1
Neural_Networks,2526,356,2
Genetic_Algorithms,1136,163,1
Neural_Networks,2526,420,2
Neural_Networks,2526,420,2
Neural_Networks,673,673,2
Rule_Learning,2649,196,5
Rule_Learning,2649,196,5
Reinforcement_Learning,882,294,4
Neural_Networks,745,655,2
Theory,640,549,6
Neural_Networks,1435,536,2
Neural_Networks,1970,180,2
Neural_Networks,745,747,2
Neural_Networks,1814,2499,2
Neural_Networks,745,204,2
Neural_Networks,745,227,2
Neural_Networks,1435,536,2
Neural_Networks,2667,74,2
Theory,686,430,6
Genetic_Algorithms,1136,163,1
Reinforcement_Learning,882,39,4
Probabilistic_Methods,1452,248,3
Neural_Networks,1814,212,2
Reinforcement_Learning,326,220,4
Neural_Networks,611,157,2
Case_Based,686,35,0
Rule_Learning,2649,196,5
Neural_Networks,745,227,2
Probabilistic_Methods,795,35,6
Genetic_Algorithms,1136,163,1
Reinforcement_Learning,326,220,4
Case_Based,289,284,0
Case_Based,289,150,0
Rule_Learning,686,430,5
Rule_Learning,795,8,5
Case_Based,686,88,0
Neural_Networks,617,617,3
Theory,745,227,6
Genetic_Algorithms,686,74,1
Neural_Networks,882,197,0
Neural_Networks,745,227,2
Case_Based,289,231,0
Neural_Networks,1268,8,2
Neural_Networks,1970,595,2
Neural_Networks,745,80,2
Neural_Networks,745,747,2
Case_Based,686,236,0
Genetic_Algorithms,1136,163,1
Neural_Networks,2526,238,2
Reinforcement_Learning,882,294,4
Genetic_Algorithms,240,240,0
Neural_Networks,745,227,2
Theory,640,8,6
Genetic_Algorithms,1136,243,1
Neural_Networks,795,136,2
Case_Based,686,430,0
Probabilistic_Methods,611,157,2
Reinforcement_Learning,1136,500,1
Probabilistic_Methods,1452,248,3
Rule_Learning,2649,249,5
Probabilistic_Methods,326,250,3
Theory,795,1505,6
Reinforcement_Learning,882,74,4
Neural_Networks,2526,238,2
Neural_Networks,1680,35,2
Theory,2614,227,6
Case_Based,686,430,0
Neural_Networks,611,257,2
Neural_Networks,1268,8,2
Case_Based,289,228,2
Probabilistic_Methods,1452,248,3
Neural_Networks,611,74,2
Case_Based,1136,163,0
Neural_Networks,611,74,2
Theory,686,227,6
Genetic_Algorithms,1136,758,1
Case_Based,1136,163,0
Theory,640,267,6
Neural_Networks,1268,8,2
Neural_Networks,882,39,2
Probabilistic_Methods,2115,276,3
Neural_Networks,611,157,2
Neural_Networks,914,914,2
Genetic_Algorithms,1136,219,1
Reinforcement_Learning,745,35,4
Probabilistic_Methods,2115,464,3
Probabilistic_Methods,2115,276,3
Reinforcement_Learning,882,294,4
Probabilistic_Methods,326,326,6
Probabilistic_Methods,2115,464,3
Probabilistic_Methods,2526,420,3
Reinforcement_Learning,882,210,4
Neural_Networks,592,592,2
Neural_Networks,882,163,2
Case_Based,289,284,0
Case_Based,289,231,0
Rule_Learning,795,286,5
Theory,640,549,6
Case_Based,1680,35,0
Case_Based,289,284,0
Genetic_Algorithms,1136,163,1
Neural_Networks,1136,80,2
Probabilistic_Methods,1654,161,3
Neural_Networks,1814,212,2
Reinforcement_Learning,882,294,4
Reinforcement_Learning,882,39,4
Theory,2614,227,6
Neural_Networks,1365,441,2
Reinforcement_Learning,882,39,6
Theory,1268,8,6
Case_Based,289,163,0
Neural_Networks,2526,238,2
Rule_Learning,2649,428,5
Case_Based,795,35,2
Neural_Networks,326,250,2
Reinforcement_Learning,882,39,4
Reinforcement_Learning,882,294,4
Rule_Learning,2649,196,5
Theory,640,308,6
Genetic_Algorithms,1136,163,1
Neural_Networks,611,74,2
Neural_Networks,745,227,2
Probabilistic_Methods,1452,325,3
Case_Based,1680,534,0
Rule_Learning,686,236,5
Neural_Networks,745,747,2
Rule_Learning,795,344,5
Theory,2614,417,6
Case_Based,2614,286,6
Theory,2614,74,6
Neural_Networks,289,228,2
Reinforcement_Learning,1970,180,4
Theory,686,74,6
Theory,795,74,6
Probabilistic_Methods,326,326,3
Probabilistic_Methods,1452,84,3
Probabilistic_Methods,326,326,3
Probabilistic_Methods,326,326,3
Neural_Networks,1435,747,2
Genetic_Algorithms,1136,163,1
Neural_Networks,1814,212,2
Neural_Networks,611,74,2
Probabilistic_Methods,326,389,3
Reinforcement_Learning,882,197,4
Theory,640,267,6
Rule_Learning,795,286,5
Neural_Networks,745,747,2
Neural_Networks,1970,180,2
Neural_Networks,686,87,2
Probabilistic_Methods,2115,276,3
Neural_Networks,709,709,2
Neural_Networks,709,709,2
Probabilistic_Methods,2115,276,3
Genetic_Algorithms,1136,163,1
Rule_Learning,795,344,5
Probabilistic_Methods,611,74,3
Neural_Networks,1970,180,2
Probabilistic_Methods,1452,84,3
Rule_Learning,686,344,5
Neural_Networks,745,747,2
Neural_Networks,1970,180,2
Neural_Networks,1970,180,2
Probabilistic_Methods,1654,1713,3
Neural_Networks,745,227,2
Neural_Networks,1814,212,2
Neural_Networks,745,124,2
Neural_Networks,2526,356,2
Genetic_Algorithms,1136,243,1
Probabilistic_Methods,1654,161,3
Neural_Networks,1814,2499,2
Neural_Networks,326,227,2
Genetic_Algorithms,1136,163,1
Neural_Networks,745,747,2
Neural_Networks,1970,180,2
Neural_Networks,2112,365,2
Neural_Networks,2112,365,2
Neural_Networks,2112,365,2
Reinforcement_Learning,882,294,4
Neural_Networks,611,611,2
Neural_Networks,745,747,2
Reinforcement_Learning,882,294,4
Probabilistic_Methods,686,74,3
Genetic_Algorithms,1136,219,1
Rule_Learning,2649,249,5
Reinforcement_Learning,882,294,4
Theory,795,426,6
Probabilistic_Methods,611,558,3
Neural_Networks,611,74,2
Theory,795,286,6
Rule_Learning,379,379,5
Genetic_Algorithms,1136,163,1
Theory,686,430,6
Theory,2614,319,6
Neural_Networks,686,87,2
Neural_Networks,1268,8,2
Reinforcement_Learning,882,294,4
Neural_Networks,745,611,2
Neural_Networks,1814,212,2
Neural_Networks,2526,420,3
Probabilistic_Methods,326,389,3
Genetic_Algorithms,1136,163,1
Neural_Networks,745,227,2
Probabilistic_Methods,326,74,3
Neural_Networks,611,8,3
Neural_Networks,611,74,2
Genetic_Algorithms,1136,163,1
Rule_Learning,686,35,5
Neural_Networks,745,426,2
Probabilistic_Methods,1452,248,3
Neural_Networks,745,1250,2
Theory,640,8,6
Probabilistic_Methods,686,35,3
Genetic_Algorithms,1136,163,1
Genetic_Algorithms,2667,163,1
Neural_Networks,2614,404,2
Neural_Networks,1680,35,2
Neural_Networks,745,227,2
Neural_Networks,1680,35,2
Neural_Networks,2187,630,2
Neural_Networks,611,35,2
Reinforcement_Learning,882,39,4
Neural_Networks,1435,227,2
Reinforcement_Learning,882,74,4
Neural_Networks,611,611,2
Case_Based,795,344,5
Genetic_Algorithms,1136,163,1
Probabilistic_Methods,1654,138,3
Rule_Learning,2614,417,5
Theory,795,308,6
Probabilistic_Methods,1452,248,3
Neural_Networks,2526,420,2
Theory,2614,227,6
Genetic_Algorithms,1136,163,1
Probabilistic_Methods,326,423,3
Theory,1435,571,6
Reinforcement_Learning,882,294,4
Rule_Learning,795,426,5
Neural_Networks,745,227,2
Rule_Learning,2649,428,5
Probabilistic_Methods,2614,74,3
Theory,686,430,6
Theory,686,74,6
Rule_Learning,2649,428,5
Rule_Learning,2649,184,5
Case_Based,795,8,0
Neural_Networks,1268,8,2
Theory,686,430,6
Neural_Networks,1268,8,2
Theory,2614,227,6
Neural_Networks,2526,420,2
Reinforcement_Learning,882,74,4
Case_Based,686,227,0
Probabilistic_Methods,686,35,3
Neural_Networks,1268,8,2
Neural_Networks,1136,35,2
Case_Based,2614,163,6
Reinforcement_Learning,882,294,4
Neural_Networks,2187,630,2
Genetic_Algorithms,1136,163,1
Case_Based,795,136,5
Probabilistic_Methods,611,35,3
Reinforcement_Learning,2028,227,4
Probabilistic_Methods,1452,84,3
Theory,640,308,6
Case_Based,1680,35,0
Reinforcement_Learning,882,294,4
Theory,640,267,6
Case_Based,289,457,2
Neural_Networks,745,745,2
Theory,640,549,6
Reinforcement_Learning,882,210,4
Neural_Networks,745,227,2
Neural_Networks,611,74,2
Reinforcement_Learning,882,197,4
Probabilistic_Methods,2115,464,3
Reinforcement_Learning,882,294,4
Reinforcement_Learning,882,294,4
Probabilistic_Methods,2115,276,3
Probabilistic_Methods,1654,468,3
Neural_Networks,611,157,2
Case_Based,686,35,0
Reinforcement_Learning,882,39,4
Reinforcement_Learning,882,294,4
Reinforcement_Learning,882,294,4
Neural_Networks,326,227,2
Genetic_Algorithms,2667,163,1
Neural_Networks,1814,212,2
Reinforcement_Learning,882,197,4
Case_Based,686,35,6
Case_Based,795,136,5
Neural_Networks,611,257,2
Theory,640,308,6
Case_Based,795,163,0
Reinforcement_Learning,882,294,4
Probabilistic_Methods,611,74,3
Probabilistic_Methods,686,35,3
Case_Based,289,231,0
Neural_Networks,1136,80,2
Theory,640,549,6
Neural_Networks,2526,238,2
Reinforcement_Learning,326,220,4
Probabilistic_Methods,1654,468,3
Reinforcement_Learning,326,220,4
Genetic_Algorithms,745,227,1
Neural_Networks,745,227,2
Probabilistic_Methods,2115,276,3
Neural_Networks,663,163,2
Theory,686,35,4
Probabilistic_Methods,326,250,3
Probabilistic_Methods,326,250,3
Reinforcement_Learning,1136,500,4
Neural_Networks,663,163,2
Reinforcement_Learning,882,294,4
Neural_Networks,663,163,2
Neural_Networks,702,702,2
Neural_Networks,882,74,2
Reinforcement_Learning,640,308,6
Theory,640,2391,6
Theory,2614,417,5
Rule_Learning,686,236,5
Probabilistic_Methods,2526,356,3
Probabilistic_Methods,611,74,3
Neural_Networks,1435,35,2
Probabilistic_Methods,1452,84,3
Theory,640,308,6
Probabilistic_Methods,326,637,3
Neural_Networks,914,914,2
Theory,640,517,6
Theory,611,131,3
Neural_Networks,2526,420,2
Neural_Networks,745,227,2
Rule_Learning,795,236,5
Theory,1452,131,6
Genetic_Algorithms,882,163,1
Neural_Networks,745,227,2
Theory,1452,1425,6
Neural_Networks,745,227,2
Neural_Networks,1814,87,2
Neural_Networks,678,678,2
Neural_Networks,709,709,2
Genetic_Algorithms,1136,163,1
Neural_Networks,2187,693,2
Probabilistic_Methods,1452,84,3
Probabilistic_Methods,1654,777,3
Case_Based,1680,534,0
Theory,640,549,6
Neural_Networks,1435,536,2
Genetic_Algorithms,1136,80,1
Genetic_Algorithms,1136,80,4
Case_Based,1680,35,0
Case_Based,289,150,0
Case_Based,1680,35,0
Neural_Networks,1435,779,2
Case_Based,289,150,0
Neural_Networks,1268,8,3
Neural_Networks,745,747,2
Genetic_Algorithms,1136,163,1
Neural_Networks,686,74,2
Reinforcement_Learning,882,39,4
Theory,640,549,6
Theory,2614,227,6
Reinforcement_Learning,795,163,4
Reinforcement_Learning,882,294,4
Neural_Networks,1814,87,2
Reinforcement_Learning,882,294,4
Theory,640,8,6
Theory,640,8,6
Probabilistic_Methods,326,423,3
Probabilistic_Methods,326,423,3
Reinforcement_Learning,882,294,4
Theory,611,157,6
Neural_Networks,745,227,2
Reinforcement_Learning,882,74,4
Reinforcement_Learning,1136,500,4
Reinforcement_Learning,882,39,4
Reinforcement_Learning,882,294,4
Reinforcement_Learning,882,294,4
Reinforcement_Learning,882,294,4
Reinforcement_Learning,882,8,4
Theory,2614,227,6
Neural_Networks,1814,212,2
Theory,1435,571,6
Neural_Networks,745,572,2
Probabilistic_Methods,2115,464,3
Theory,640,8,6
Reinforcement_Learning,882,294,4
Neural_Networks,1814,212,2
Probabilistic_Methods,326,250,3
Case_Based,795,163,0
Neural_Networks,611,35,2
Case_Based,289,581,0
Case_Based,289,150,0
Case_Based,289,228,0
Case_Based,289,284,0
Probabilistic_Methods,326,87,3
Rule_Learning,795,286,5
Neural_Networks,611,157,2
Neural_Networks,611,74,2
Reinforcement_Learning,882,294,4
Neural_Networks,592,592,2
Neural_Networks,2112,365,2
Theory,640,549,6
Neural_Networks,592,592,2
Case_Based,289,163,0
Case_Based,289,163,0
Neural_Networks,1970,595,2
Theory,1268,8,1
Rule_Learning,795,8,5
Rule_Learning,2649,428,5
Neural_Networks,745,747,2
Neural_Networks,745,227,2
Reinforcement_Learning,882,294,4
Genetic_Algorithms,1136,163,1
Case_Based,289,150,0
Neural_Networks,611,74,2
Neural_Networks,1814,212,2
Genetic_Algorithms,1136,80,1
Neural_Networks,611,227,2
Neural_Networks,611,74,2
Neural_Networks,686,87,2
Neural_Networks,745,227,2
Neural_Networks,611,611,2
Case_Based,289,284,0
Neural_Networks,1268,8,2
Theory,640,8,6
Theory,640,8,6
Neural_Networks,1268,8,2
Neural_Networks,617,617,2
Theory,686,35,5
Probabilistic_Methods,1452,248,3
Neural_Networks,745,747,2
Reinforcement_Learning,882,39,4
Neural_Networks,611,74,2
Probabilistic_Methods,326,1937,3
Theory,745,572,6
Neural_Networks,745,572,2
Neural_Networks,611,74,2
Neural_Networks,686,87,2
Neural_Networks,745,747,2
Case_Based,289,284,0
Neural_Networks,2187,630,2
Neural_Networks,686,87,2
Probabilistic_Methods,686,430,3
Reinforcement_Learning,882,294,4
Case_Based,686,430,0
Theory,686,430,6
Reinforcement_Learning,2174,294,4
Probabilistic_Methods,326,637,3
Theory,686,227,6
Probabilistic_Methods,326,87,3
Theory,640,549,6
Probabilistic_Methods,611,558,3
Probabilistic_Methods,611,74,3
Case_Based,289,150,0
Reinforcement_Learning,882,294,4
Probabilistic_Methods,1452,325,3
Probabilistic_Methods,611,35,3
Probabilistic_Methods,647,647,3
Neural_Networks,2187,693,2
Case_Based,289,457,0
Reinforcement_Learning,882,210,4
Neural_Networks,686,430,6
Rule_Learning,2649,249,5
Reinforcement_Learning,882,294,4
Rule_Learning,795,308,6
Neural_Networks,745,655,2
Reinforcement_Learning,882,210,4
Reinforcement_Learning,882,163,4
Genetic_Algorithms,745,163,1
Neural_Networks,745,572,2
Theory,686,430,6
Probabilistic_Methods,2614,74,3
Neural_Networks,611,131,6
Neural_Networks,663,163,2
Neural_Networks,1970,180,2
Neural_Networks,745,227,2
Neural_Networks,745,745,2
Neural_Networks,611,257,2
Neural_Networks,611,74,2
Rule_Learning,686,236,5
Case_Based,289,150,0
Reinforcement_Learning,882,294,4
Theory,640,549,6
Neural_Networks,673,673,2
Neural_Networks,745,227,2
Rule_Learning,795,344,5
Neural_Networks,1814,212,2
Neural_Networks,882,74,3
Neural_Networks,678,678,2
Case_Based,289,231,0
Neural_Networks,611,74,2
Genetic_Algorithms,1136,163,1
Reinforcement_Learning,882,39,4
Case_Based,686,430,0
Probabilistic_Methods,1452,1425,3
Neural_Networks,745,227,2
Case_Based,686,430,0
Neural_Networks,745,204,2
Reinforcement_Learning,882,74,4
Genetic_Algorithms,640,163,1
Case_Based,1136,163,2
Reinforcement_Learning,882,210,4
Theory,2614,227,6
Neural_Networks,2187,693,2
Neural_Networks,326,131,2
Theory,745,426,6
Neural_Networks,611,35,2
Probabilistic_Methods,611,74,3
Neural_Networks,326,227,2
Reinforcement_Learning,882,294,4
Theory,745,572,6
Neural_Networks,745,74,2
Neural_Networks,702,702,2
Neural_Networks,2174,747,2
Probabilistic_Methods,611,558,3
Neural_Networks,2526,420,2
Theory,640,308,6
Rule_Learning,2649,196,5
Neural_Networks,326,8,2
Neural_Networks,709,709,2
Theory,2614,227,6
Probabilistic_Methods,686,35,3
Genetic_Algorithms,1136,163,1
Probabilistic_Methods,1452,84,3
Genetic_Algorithms,1136,163,1
Probabilistic_Methods,1452,84,3
Neural_Networks,611,157,2
Genetic_Algorithms,289,163,1
Neural_Networks,611,157,2
Neural_Networks,686,87,3
Neural_Networks,2614,227,2
Genetic_Algorithms,1136,163,1
Theory,686,227,6
Probabilistic_Methods,882,294,3
Neural_Networks,745,747,2
Probabilistic_Methods,1654,161,3
Neural_Networks,1814,212,2
Genetic_Algorithms,1136,163,1
Genetic_Algorithms,1136,163,1
Probabilistic_Methods,2115,276,3
Neural_Networks,1970,180,2
Neural_Networks,1814,212,2
Theory,640,267,6
Reinforcement_Learning,882,294,4
Reinforcement_Learning,326,220,4
Rule_Learning,2649,196,5
Neural_Networks,326,8,2
Neural_Networks,745,127,2
Reinforcement_Learning,882,39,4
Reinforcement_Learning,882,39,4
Theory,882,74,6
Neural_Networks,745,204,2
Probabilistic_Methods,1452,325,3
Genetic_Algorithms,1136,163,1
Genetic_Algorithms,1136,163,1
Neural_Networks,745,745,2
Neural_Networks,1268,8,2
Neural_Networks,745,747,2
Probabilistic_Methods,1654,138,3
Reinforcement_Learning,882,294,4
Reinforcement_Learning,795,136,4
Neural_Networks,1268,8,2
Case_Based,289,163,0
Neural_Networks,1680,35,2
Neural_Networks,686,35,2
Genetic_Algorithms,1136,163,1
Rule_Learning,379,379,5
Genetic_Algorithms,1136,163,1
Genetic_Algorithms,1136,758,1
Probabilistic_Methods,1654,161,3
Case_Based,686,88,0
Theory,640,761,6
Theory,686,88,6
Neural_Networks,745,227,2
Genetic_Algorithms,2174,910,4
Genetic_Algorithms,1136,163,2
Neural_Networks,611,131,2
Theory,2614,227,6
Probabilistic_Methods,1452,325,3
Genetic_Algorithms,2174,163,1
Neural_Networks,1970,180,2
Neural_Networks,745,747,2
Probabilistic_Methods,1452,325,3
Reinforcement_Learning,882,210,4
Neural_Networks,611,74,2
Reinforcement_Learning,882,294,4
Probabilistic_Methods,1452,248,3
Probabilistic_Methods,1654,777,3
Theory,640,74,6
Neural_Networks,1435,779,2
Genetic_Algorithms,1136,163,1
Genetic_Algorithms,1136,163,2
Neural_Networks,326,1532,3
Case_Based,2614,227,0
Neural_Networks,1654,845,2
Case_Based,2614,227,0
Theory,640,791,6
Probabilistic_Methods,326,423,3
Probabilistic_Methods,326,1268,3
Genetic_Algorithms,1136,163,1
Theory,795,1510,0
Theory,640,791,6
Theory,640,798,6
Genetic_Algorithms,1136,163,1
Theory,795,795,6
Theory,795,795,6
Neural_Networks,1629,1629,2
Neural_Networks,745,197,2
Theory,640,798,6
Case_Based,289,163,0
Genetic_Algorithms,1136,163,1
Case_Based,1680,534,0
Probabilistic_Methods,973,973,3
Genetic_Algorithms,1136,243,1
Reinforcement_Learning,882,74,4
Neural_Networks,1435,747,2
Case_Based,289,150,0
Reinforcement_Learning,882,294,4
Neural_Networks,1814,212,2
Neural_Networks,1365,441,2
Neural_Networks,326,157,3
Genetic_Algorithms,2174,910,1
Neural_Networks,1365,1365,2
Genetic_Algorithms,1136,163,1
Neural_Networks,1365,441,2
Genetic_Algorithms,1136,163,1
Neural_Networks,1435,572,2
Case_Based,289,818,0
Case_Based,289,818,0
Case_Based,289,818,0
Neural_Networks,611,829,2
Neural_Networks,611,227,2
Theory,2614,74,6
Neural_Networks,745,227,2
Case_Based,289,1215,0
Case_Based,289,1215,0
Neural_Networks,2614,227,2
Probabilistic_Methods,1452,248,3
Neural_Networks,2614,227,2
Neural_Networks,611,829,2
Neural_Networks,611,829,2
Case_Based,686,35,6
Neural_Networks,611,1701,2
Genetic_Algorithms,1136,163,1
Neural_Networks,1814,212,2
Case_Based,882,74,0
Theory,795,426,6
Rule_Learning,795,344,5
Probabilistic_Methods,1458,1458,3
Neural_Networks,1814,212,2
Neural_Networks,611,157,2
Probabilistic_Methods,1452,84,3
Reinforcement_Learning,882,294,4
Reinforcement_Learning,882,8,4
Genetic_Algorithms,1136,163,1
Neural_Networks,1654,845,2
Genetic_Algorithms,1136,163,1
Theory,640,848,6
Theory,640,848,6
Rule_Learning,1720,1720,5
Probabilistic_Methods,1654,845,3
Probabilistic_Methods,611,1491,3
Probabilistic_Methods,1654,161,3
Theory,2614,74,6
Genetic_Algorithms,2667,163,1
Probabilistic_Methods,1654,845,3
Genetic_Algorithms,1136,163,1
Case_Based,289,35,0
Case_Based,1680,294,0
Theory,640,517,6
Genetic_Algorithms,1136,163,1
Theory,2614,8,6
Case_Based,2614,227,0
Neural_Networks,1814,212,2
Neural_Networks,611,611,2
Theory,795,1505,6
Neural_Networks,745,127,2
Neural_Networks,611,74,2
Reinforcement_Learning,882,210,4
Probabilistic_Methods,326,131,3
Reinforcement_Learning,882,163,4
Probabilistic_Methods,611,74,3
Neural_Networks,1814,212,2
Neural_Networks,1814,212,2
Neural_Networks,1814,212,2
Reinforcement_Learning,882,294,4
Theory,640,308,6
Rule_Learning,686,1010,5
Neural_Networks,1654,725,2
Reinforcement_Learning,745,131,4
Genetic_Algorithms,1136,163,1
Neural_Networks,1435,572,2
Reinforcement_Learning,882,163,4
Case_Based,1680,35,0
Theory,640,549,6
Theory,686,35,6
Neural_Networks,1295,1295,2
Theory,686,35,6
Probabilistic_Methods,1654,468,3
Probabilistic_Methods,1654,1713,3
Neural_Networks,745,127,2
Probabilistic_Methods,326,423,3
Probabilistic_Methods,1654,1713,3
Rule_Learning,795,74,5
Probabilistic_Methods,1654,161,3
Probabilistic_Methods,1436,1436,3
Probabilistic_Methods,1654,468,3
Probabilistic_Methods,611,84,3
Probabilistic_Methods,326,250,3
Neural_Networks,611,611,2
Genetic_Algorithms,1136,163,2
Case_Based,289,39,0
Genetic_Algorithms,2174,910,1
Theory,611,611,6
Probabilistic_Methods,1654,1713,3
Probabilistic_Methods,326,423,3
Neural_Networks,686,74,2
Neural_Networks,611,829,2
Neural_Networks,1365,441,2
Probabilistic_Methods,1452,248,3
Genetic_Algorithms,2174,910,1
Theory,795,286,1
Neural_Networks,1435,84,2
Probabilistic_Methods,1452,248,3
Neural_Networks,914,914,2
Probabilistic_Methods,326,84,3
Neural_Networks,611,157,2
Probabilistic_Methods,1654,845,3
Neural_Networks,611,829,2
Neural_Networks,1365,441,2
Neural_Networks,1814,212,2
Neural_Networks,611,1725,2
Case_Based,289,581,0
Case_Based,289,581,0
Theory,640,549,6
Neural_Networks,326,1532,2
Theory,686,74,6
Case_Based,2614,8,3
Case_Based,686,430,0
Probabilistic_Methods,882,74,4
Neural_Networks,1435,1254,2
Theory,2614,74,3
Theory,795,1505,6
Reinforcement_Learning,882,294,4
Genetic_Algorithms,1136,163,1
Genetic_Algorithms,1136,163,1
Reinforcement_Learning,882,163,4
Case_Based,795,426,6
Genetic_Algorithms,1136,163,1
Neural_Networks,1242,1242,2
Genetic_Algorithms,1136,163,1
Genetic_Algorithms,1136,163,1
Genetic_Algorithms,1136,163,1
Genetic_Algorithms,1136,163,1
Probabilistic_Methods,686,74,3
Probabilistic_Methods,326,423,3
Neural_Networks,611,227,2
Case_Based,2614,8,0
Neural_Networks,2187,1281,2
Neural_Networks,686,74,3
Probabilistic_Methods,1452,84,3
Case_Based,289,74,0
Probabilistic_Methods,326,1064,3
Genetic_Algorithms,972,972,1
Probabilistic_Methods,611,227,3
Theory,611,157,6
Genetic_Algorithms,2667,163,1
Theory,640,306,6
Genetic_Algorithms,1136,163,1
Genetic_Algorithms,1136,163,1
Rule_Learning,795,74,5
Genetic_Algorithms,882,163,4
Neural_Networks,611,745,2
Rule_Learning,795,344,5
Genetic_Algorithms,2174,910,1
Genetic_Algorithms,2174,910,1
Genetic_Algorithms,2174,910,1
Theory,640,306,6
Neural_Networks,1680,35,2
Probabilistic_Methods,611,227,3
Genetic_Algorithms,882,294,1
Probabilistic_Methods,1452,248,3
Genetic_Algorithms,972,972,1
Probabilistic_Methods,973,973,3
Genetic_Algorithms,1136,163,1
Neural_Networks,611,74,2
Probabilistic_Methods,326,423,3
Theory,795,426,6
Neural_Networks,1970,180,2
Neural_Networks,611,131,2
Neural_Networks,1435,227,2
Case_Based,2174,910,0
Genetic_Algorithms,1136,163,1
Case_Based,686,430,0
Case_Based,1048,1048,0
Probabilistic_Methods,795,136,3
Case_Based,2614,2616,0
Probabilistic_Methods,686,74,3
Reinforcement_Learning,882,163,4
Neural_Networks,1814,212,2
Neural_Networks,1435,747,2
Case_Based,1680,294,0
Case_Based,1680,1354,0
Probabilistic_Methods,973,973,3
Case_Based,1680,1354,0
Genetic_Algorithms,2667,163,1
Probabilistic_Methods,1654,161,3
Rule_Learning,686,236,5
Probabilistic_Methods,1452,84,2
Probabilistic_Methods,1452,74,3
Theory,2614,74,6
Case_Based,1680,1354,0
Case_Based,686,430,0
Theory,640,791,6
Theory,640,791,6
Neural_Networks,1680,1313,2
Theory,640,8,6
Rule_Learning,795,344,5
Rule_Learning,686,1010,5
Genetic_Algorithms,1136,163,1
Rule_Learning,686,1010,5
Rule_Learning,686,1010,5
Reinforcement_Learning,882,39,4
Probabilistic_Methods,1156,1156,3
Neural_Networks,1814,212,2
Probabilistic_Methods,1654,161,3
Genetic_Algorithms,1136,163,1
Neural_Networks,611,74,0
Genetic_Algorithms,1136,163,1
Theory,2614,74,6
Probabilistic_Methods,686,74,3
Neural_Networks,1435,1464,2
Neural_Networks,2187,1281,2
Neural_Networks,1654,725,2
Theory,686,74,6
Theory,640,308,6
Theory,640,549,6
Theory,686,74,6
Neural_Networks,1435,536,2
Probabilistic_Methods,1654,725,3
Genetic_Algorithms,1136,163,1
Neural_Networks,1268,8,2
Theory,640,848,6
Case_Based,795,344,0
Genetic_Algorithms,2667,163,1
Genetic_Algorithms,1136,163,1
Genetic_Algorithms,1136,80,1
Neural_Networks,1435,227,2
Neural_Networks,611,157,2
Case_Based,1680,1354,0
Case_Based,1680,1354,0
Neural_Networks,1365,441,0
Neural_Networks,1435,536,2
Neural_Networks,1435,536,2
Neural_Networks,1365,1365,2
Reinforcement_Learning,882,39,4
Case_Based,289,150,0
Case_Based,289,150,0
Case_Based,1048,1048,0
Rule_Learning,686,74,5
Theory,611,227,6
Neural_Networks,611,227,2
Neural_Networks,611,227,2
Theory,2614,74,6
Genetic_Algorithms,1136,163,1
Neural_Networks,611,227,2
Neural_Networks,1814,212,2
Neural_Networks,2614,87,2
Neural_Networks,1814,212,2
Neural_Networks,611,227,2
Genetic_Algorithms,1136,163,1
Rule_Learning,686,1010,5
Theory,1435,1254,6
Genetic_Algorithms,1136,163,1
Probabilistic_Methods,326,1937,3
Genetic_Algorithms,1136,163,1
Neural_Networks,611,227,2
Neural_Networks,1814,212,2
Neural_Networks,1814,2499,2
Genetic_Algorithms,1136,163,1
Genetic_Algorithms,1136,163,1
Rule_Learning,686,74,5
Neural_Networks,1814,212,2
Rule_Learning,686,236,5
Theory,795,344,6
Neural_Networks,611,157,3
Probabilistic_Methods,1452,1078,3
Genetic_Algorithms,1136,163,1
Probabilistic_Methods,1452,1078,3
Neural_Networks,611,611,2
Neural_Networks,1365,441,2
Rule_Learning,795,236,5
Rule_Learning,795,236,5
Probabilistic_Methods,326,1064,3
Case_Based,1680,294,0
Rule_Learning,686,74,5
Probabilistic_Methods,1452,1078,3
Probabilistic_Methods,686,74,3
Neural_Networks,611,611,2
Case_Based,1680,1354,0
Neural_Networks,1654,725,2
Neural_Networks,1814,212,2
Theory,2614,74,6
Neural_Networks,745,124,2
Neural_Networks,745,124,2
Theory,640,798,6
Genetic_Algorithms,1136,163,1
Probabilistic_Methods,326,423,3
Genetic_Algorithms,1136,163,1
Genetic_Algorithms,2667,163,1
Neural_Networks,1435,1464,2
Case_Based,882,8,0
Rule_Learning,795,136,3
Neural_Networks,611,611,2
Theory,795,308,6
Theory,640,549,6
Genetic_Algorithms,1136,163,1
Case_Based,686,8,0
Probabilistic_Methods,1525,1503,3
Theory,2614,8,6
Genetic_Algorithms,1136,163,1
Case_Based,2614,8,0
Neural_Networks,686,74,2
Genetic_Algorithms,1136,163,1
Genetic_Algorithms,1136,74,1
Neural_Networks,611,829,2
Neural_Networks,326,8,2
Genetic_Algorithms,1136,74,1
Neural_Networks,882,74,2
Neural_Networks,1435,572,2
Neural_Networks,745,1677,2
Case_Based,289,150,0
Case_Based,289,163,0
Case_Based,1680,35,0
Theory,640,308,6
Case_Based,289,818,0
Case_Based,289,581,0
Genetic_Algorithms,1136,163,1
Probabilistic_Methods,326,131,3
Neural_Networks,1365,441,2
Genetic_Algorithms,1136,163,1
Genetic_Algorithms,2174,910,1
Theory,326,220,6
Probabilistic_Methods,686,87,3
Genetic_Algorithms,2667,80,1
Theory,795,344,6
Genetic_Algorithms,1136,163,1
Reinforcement_Learning,882,210,4
Case_Based,289,150,0
Genetic_Algorithms,1136,163,1
Genetic_Algorithms,2174,910,1
Probabilistic_Methods,1452,84,3
Genetic_Algorithms,1136,163,1
Genetic_Algorithms,1136,163,1
Neural_Networks,592,592,2
Neural_Networks,1435,1149,2
Neural_Networks,611,74,2
Probabilistic_Methods,1452,84,3
Case_Based,289,231,0
Neural_Networks,1435,1149,2
Neural_Networks,1435,1149,2
Rule_Learning,1350,1350,0
Case_Based,1680,35,0
Genetic_Algorithms,1136,163,1
Case_Based,686,35,0
Case_Based,2614,227,0
Probabilistic_Methods,1156,1156,3
Neural_Networks,745,204,2
Probabilistic_Methods,1452,1550,3
Genetic_Algorithms,1136,163,2
Theory,1166,1166,6
Theory,2614,74,6
Probabilistic_Methods,1654,1614,3
Case_Based,289,228,0
Theory,2614,8,6
Rule_Learning,686,227,5
Theory,1166,1166,6
Genetic_Algorithms,1136,1330,1
Probabilistic_Methods,973,973,3
Neural_Networks,745,227,2
Theory,640,517,6
Neural_Networks,611,227,2
Probabilistic_Methods,326,84,3
Theory,2614,286,6
Theory,795,344,5
Genetic_Algorithms,1136,163,1
Neural_Networks,1680,35,2
Rule_Learning,795,1180,5
Genetic_Algorithms,2667,163,1
Neural_Networks,611,227,2
Rule_Learning,795,1180,5
Theory,640,8,6
Rule_Learning,686,236,5
Reinforcement_Learning,882,39,4
Genetic_Algorithms,1136,163,1
Theory,2614,74,6
Probabilistic_Methods,326,220,3
Theory,795,426,6
Neural_Networks,1680,35,2
Theory,882,210,6
Neural_Networks,1365,441,2
Theory,2614,74,6
Reinforcement_Learning,1970,180,4
Reinforcement_Learning,882,39,4
Case_Based,289,163,0
Neural_Networks,1435,572,2
Neural_Networks,611,157,2
Theory,2614,74,6
Theory,640,517,6
Theory,2614,74,6
Neural_Networks,1814,212,6
Probabilistic_Methods,1452,84,3
Reinforcement_Learning,882,39,4
Neural_Networks,1435,572,2
Genetic_Algorithms,1136,80,1
Genetic_Algorithms,1136,163,1
Genetic_Algorithms,1136,163,1
Genetic_Algorithms,1136,163,1
Rule_Learning,2614,344,5
Case_Based,1680,35,0
Case_Based,1680,35,0
Neural_Networks,1814,212,4
Case_Based,289,581,0
Reinforcement_Learning,882,39,4
Case_Based,289,163,0
Case_Based,289,1215,0
Genetic_Algorithms,1136,163,1
Reinforcement_Learning,1349,1349,4
Genetic_Algorithms,1136,163,1
Genetic_Algorithms,1136,163,1
Neural_Networks,686,74,2
Genetic_Algorithms,1136,163,1
Neural_Networks,1365,441,2
Theory,640,74,6
Genetic_Algorithms,1136,163,1
Genetic_Algorithms,1136,163,1
Rule_Learning,795,74,5
Theory,2614,1236,6
Reinforcement_Learning,882,210,4
Neural_Networks,1365,441,2
Genetic_Algorithms,2667,163,5
Genetic_Algorithms,2667,163,1
Genetic_Algorithms,2667,163,1
Case_Based,289,581,0
Rule_Learning,795,426,0
Theory,686,74,6
Theory,2614,1236,6
Theory,2614,227,2
Theory,1452,74,6
Neural_Networks,1387,1387,2
Probabilistic_Methods,1452,84,3
Probabilistic_Methods,1452,84,3
Neural_Networks,1242,1242,2
Neural_Networks,1814,212,2
Rule_Learning,686,344,5
Neural_Networks,1814,212,2
Neural_Networks,1814,212,2
Neural_Networks,1814,212,4
Case_Based,882,74,0
Genetic_Algorithms,1136,163,1
Neural_Networks,745,1250,2
Neural_Networks,745,1250,2
Neural_Networks,611,829,2
Reinforcement_Learning,2174,910,1
Neural_Networks,1435,1254,2
Probabilistic_Methods,1654,161,3
Rule_Learning,2614,74,5
Genetic_Algorithms,1136,163,1
Neural_Networks,1814,212,2
Rule_Learning,795,236,5
Theory,795,308,6
Genetic_Algorithms,1136,74,1
Neural_Networks,795,308,2
Case_Based,795,35,0
Genetic_Algorithms,2667,80,1
Neural_Networks,611,1725,2
Neural_Networks,795,426,6
Theory,686,74,6
Probabilistic_Methods,326,1268,3
Theory,795,308,6
Theory,686,430,0
Rule_Learning,686,236,5
Neural_Networks,2187,1281,2
Theory,2614,227,6
Genetic_Algorithms,1136,163,6
Rule_Learning,795,286,5
Probabilistic_Methods,1525,1503,3
Genetic_Algorithms,2667,163,1
Case_Based,289,284,0
Genetic_Algorithms,1136,163,1
Theory,611,157,6
Neural_Networks,2187,1281,2
Neural_Networks,2187,1281,2
Neural_Networks,745,227,2
Neural_Networks,745,227,2
Neural_Networks,1680,35,2
Genetic_Algorithms,1136,163,1
Probabilistic_Methods,326,423,3
Probabilistic_Methods,326,250,3
Neural_Networks,611,157,2
Theory,795,74,6
Probabilistic_Methods,326,131,3
Rule_Learning,686,74,5
Neural_Networks,611,35,2
Probabilistic_Methods,326,84,3
Neural_Networks,1295,1295,2
Theory,640,267,6
Rule_Learning,795,344,5
Neural_Networks,1680,35,2
Genetic_Algorithms,1136,163,1
Neural_Networks,1814,212,2
Rule_Learning,795,426,5
Case_Based,686,430,0
Genetic_Algorithms,1136,163,1
Case_Based,1680,1354,0
Genetic_Algorithms,1136,163,1
Theory,611,227,6
Neural_Networks,2614,87,2
Probabilistic_Methods,1525,1503,3
Theory,326,220,6
Theory,611,227,6
Genetic_Algorithms,2174,910,1
Rule_Learning,795,308,5
Neural_Networks,1680,1313,2
Reinforcement_Learning,882,163,4
Neural_Networks,611,611,2
Reinforcement_Learning,882,39,4
Case_Based,1680,1354,0
Neural_Networks,745,227,2
Genetic_Algorithms,1391,1391,1
Neural_Networks,1814,212,2
Neural_Networks,1365,441,2
Theory,795,74,6
Neural_Networks,1435,1149,2
Probabilistic_Methods,1452,248,3
Genetic_Algorithms,1136,163,1
Probabilistic_Methods,1452,248,3
Rule_Learning,686,227,5
Neural_Networks,2614,8,2
Theory,686,74,6
Genetic_Algorithms,1136,163,1
Genetic_Algorithms,1136,1330,1
Genetic_Algorithms,1136,1330,1
Genetic_Algorithms,1136,163,1
Genetic_Algorithms,1136,163,0
Probabilistic_Methods,686,74,3
Probabilistic_Methods,686,74,3
Theory,686,74,3
Probabilistic_Methods,1654,845,3
Theory,2614,8,6
Neural_Networks,611,157,3
Neural_Networks,1365,1365,2
Neural_Networks,1814,212,2
Theory,640,791,6
Case_Based,289,150,0
Case_Based,289,150,0
Neural_Networks,2187,1281,2
Probabilistic_Methods,1452,84,3
Case_Based,289,284,0
Reinforcement_Learning,1349,1349,4
Case_Based,1350,1350,0
Genetic_Algorithms,1136,163,2
Neural_Networks,795,611,2
Genetic_Algorithms,2667,163,1
Case_Based,1680,1354,0
Case_Based,289,150,0
Neural_Networks,2614,227,2
Probabilistic_Methods,326,250,3
Theory,640,308,6
Neural_Networks,2614,87,2
Theory,640,798,6
Theory,745,74,3
Genetic_Algorithms,1136,163,1
Theory,640,549,6
Theory,640,791,6
Neural_Networks,1365,1365,2
Neural_Networks,611,74,2
Case_Based,289,818,0
Case_Based,1680,35,0
Genetic_Algorithms,1136,163,1
Rule_Learning,795,136,5
Genetic_Algorithms,1136,74,1
Probabilistic_Methods,1654,1713,3
Neural_Networks,611,74,2
Neural_Networks,326,131,3
Probabilistic_Methods,611,157,3
Reinforcement_Learning,882,39,4
Case_Based,1680,35,0
Reinforcement_Learning,882,294,4
Genetic_Algorithms,1136,163,1
Genetic_Algorithms,1136,163,1
Probabilistic_Methods,1814,212,2
Neural_Networks,1680,35,2
Neural_Networks,745,80,2
Neural_Networks,745,80,2
Case_Based,289,163,0
Theory,640,8,6
Neural_Networks,1387,1387,2
Theory,640,74,6
Neural_Networks,611,227,2
Theory,611,1491,6
Genetic_Algorithms,1391,1391,1
Genetic_Algorithms,1136,163,1
Probabilistic_Methods,326,423,3
Neural_Networks,640,306,2
Genetic_Algorithms,1541,1541,1
Genetic_Algorithms,882,294,1
Probabilistic_Methods,326,423,3
Neural_Networks,745,80,2
Neural_Networks,745,74,2
Theory,640,306,6
Case_Based,289,74,0
Neural_Networks,640,848,2
Probabilistic_Methods,686,74,3
Genetic_Algorithms,1136,163,1
Neural_Networks,745,74,2
Neural_Networks,745,74,2
Case_Based,2614,227,0
Genetic_Algorithms,2667,163,1
Genetic_Algorithms,1136,163,1
Genetic_Algorithms,1136,163,1
Neural_Networks,1435,572,2
Case_Based,2614,8,2
Case_Based,795,136,0
Probabilistic_Methods,326,423,3
Probabilistic_Methods,1525,1503,3
Case_Based,289,581,0
Neural_Networks,611,227,2
Neural_Networks,1814,212,2
Probabilistic_Methods,1452,1550,3
Case_Based,289,150,0
Neural_Networks,611,227,2
Neural_Networks,2614,227,2
Neural_Networks,2614,8,6
Genetic_Algorithms,1136,163,1
Probabilistic_Methods,1452,1425,3
Case_Based,1680,1354,0
Probabilistic_Methods,1452,1425,3
Rule_Learning,795,74,5
Rule_Learning,2614,344,5
Neural_Networks,2614,227,2
Neural_Networks,2614,8,2
Genetic_Algorithms,2174,910,1
Theory,640,798,6
Rule_Learning,2614,344,5
Neural_Networks,1435,536,2
Probabilistic_Methods,1436,1436,3
Probabilistic_Methods,326,423,3
Reinforcement_Learning,882,294,4
Genetic_Algorithms,1136,243,1
Reinforcement_Learning,882,294,4
Genetic_Algorithms,1136,163,1
Rule_Learning,795,344,5
Reinforcement_Learning,882,294,4
Theory,795,344,6
Rule_Learning,795,344,5
Neural_Networks,2187,1281,2
Reinforcement_Learning,882,163,4
Case_Based,289,163,0
Theory,640,308,3
Neural_Networks,1814,212,2
Neural_Networks,2187,1281,2
Neural_Networks,611,157,2
Case_Based,1680,35,0
Neural_Networks,745,227,2
Genetic_Algorithms,1136,163,1
Theory,640,791,6
Neural_Networks,2614,227,2
Probabilistic_Methods,1458,1458,3
Reinforcement_Learning,882,294,4
Theory,640,549,6
Neural_Networks,326,250,3
Neural_Networks,2614,87,2
Probabilistic_Methods,745,74,3
Neural_Networks,1435,1464,2
Case_Based,1680,1354,0
Genetic_Algorithms,1136,163,1
Genetic_Algorithms,1136,163,1
Theory,640,848,6
Theory,640,791,6
Neural_Networks,1435,227,2
Neural_Networks,2187,1281,2
Neural_Networks,1654,725,2
Genetic_Algorithms,1136,163,1
Genetic_Algorithms,1136,163,1
Case_Based,1680,1642,0
Genetic_Algorithms,2667,163,1
Neural_Networks,611,829,2
Probabilistic_Methods,686,74,3
Probabilistic_Methods,795,136,3
Neural_Networks,640,549,2
Genetic_Algorithms,2174,910,1
Theory,2614,74,6
Case_Based,289,35,0
Theory,2614,74,6
Neural_Networks,611,829,2
Rule_Learning,686,1010,5
Neural_Networks,326,227,5
Neural_Networks,1435,227,2
Rule_Learning,795,344,5
Neural_Networks,1435,227,2
Theory,611,1491,6
Theory,611,74,6
Neural_Networks,611,74,2
Neural_Networks,2187,1281,2
Genetic_Algorithms,2667,163,1
Case_Based,289,818,0
Case_Based,289,581,0
Case_Based,289,228,5
Neural_Networks,611,227,2
Theory,686,74,6
Neural_Networks,2187,630,2
Probabilistic_Methods,326,250,3
Probabilistic_Methods,1525,1503,3
Probabilistic_Methods,1525,1503,3
Theory,795,1505,6
Probabilistic_Methods,1525,1503,3
Probabilistic_Methods,1525,1503,3
Neural_Networks,611,74,2
Neural_Networks,592,592,2
Theory,795,1510,0
Neural_Networks,326,250,3
Probabilistic_Methods,686,74,3
Case_Based,2614,227,0
Theory,2614,74,6
Reinforcement_Learning,882,163,4
Genetic_Algorithms,1136,163,1
Neural_Networks,1612,1612,2
Genetic_Algorithms,2667,163,1
Rule_Learning,795,344,5
Neural_Networks,1814,212,2
Theory,2614,74,2
Theory,2614,74,6
Genetic_Algorithms,1136,163,1
Neural_Networks,1814,212,2
Probabilistic_Methods,1525,1503,3
Neural_Networks,1814,212,2
Probabilistic_Methods,1452,248,3
Rule_Learning,326,227,5
Reinforcement_Learning,882,163,4
Genetic_Algorithms,1136,163,1
Case_Based,686,35,0
Probabilistic_Methods,326,1532,2
Genetic_Algorithms,1136,163,1
Case_Based,289,284,0
Case_Based,289,284,0
Genetic_Algorithms,2667,163,1
Case_Based,289,284,0
Neural_Networks,611,74,2
Rule_Learning,795,136,5
Reinforcement_Learning,882,294,4
Genetic_Algorithms,1541,1541,1
Case_Based,1680,534,0
Probabilistic_Methods,1452,248,3
Genetic_Algorithms,1136,163,1
Probabilistic_Methods,686,1078,3
Reinforcement_Learning,882,39,4
Neural_Networks,745,227,2
Probabilistic_Methods,326,131,3
Probabilistic_Methods,2115,248,3
Theory,1452,1550,3
Neural_Networks,914,914,2
Case_Based,289,39,0
Case_Based,289,39,0
Case_Based,289,39,0
Probabilistic_Methods,1452,1550,3
Case_Based,289,284,6
Reinforcement_Learning,882,210,4
Genetic_Algorithms,1136,163,1
Neural_Networks,882,74,4
Reinforcement_Learning,640,267,6
Theory,640,306,6
Neural_Networks,686,87,2
Genetic_Algorithms,1136,243,1
Neural_Networks,611,611,2
Genetic_Algorithms,611,611,2
Theory,640,308,6
Theory,640,308,6
Case_Based,2614,8,0
Rule_Learning,686,1010,5
Case_Based,2614,8,0
Genetic_Algorithms,1136,163,1
Genetic_Algorithms,1136,163,1
Reinforcement_Learning,2174,910,4
Case_Based,611,74,0
Genetic_Algorithms,1136,163,1
Theory,795,426,6
Genetic_Algorithms,745,163,1
Rule_Learning,686,1010,5
Neural_Networks,611,611,2
Genetic_Algorithms,640,163,1
Reinforcement_Learning,882,163,4
Probabilistic_Methods,686,1078,3
Neural_Networks,1136,163,2
Case_Based,2614,8,0
Reinforcement_Learning,882,39,4
Theory,640,74,6
Rule_Learning,686,1010,6
Genetic_Algorithms,1136,74,1
Reinforcement_Learning,2174,910,4
Genetic_Algorithms,2174,910,1
Neural_Networks,611,227,2
Neural_Networks,1680,35,2
Probabilistic_Methods,326,8,3
Genetic_Algorithms,1136,163,1
Theory,2614,426,6
Rule_Learning,686,344,5
Case_Based,289,231,0
Genetic_Algorithms,1136,163,1
Reinforcement_Learning,882,74,4
Neural_Networks,611,227,2
Neural_Networks,2614,74,2
Probabilistic_Methods,2115,248,3
Genetic_Algorithms,1136,74,1
Neural_Networks,2187,1281,2
Theory,611,1491,6
Neural_Networks,611,35,2
Theory,640,74,6
Probabilistic_Methods,686,74,3
Rule_Learning,686,1010,5
Neural_Networks,1435,227,2
Genetic_Algorithms,1136,163,1
Neural_Networks,1612,1612,2
Probabilistic_Methods,1654,1614,3
Probabilistic_Methods,1654,1614,3
Neural_Networks,1365,441,2
Reinforcement_Learning,882,163,4
Case_Based,686,8,0
Theory,686,74,6
Probabilistic_Methods,1654,1614,3
Rule_Learning,795,1180,5
Case_Based,289,163,0
Rule_Learning,795,74,5
Neural_Networks,1680,1313,2
Probabilistic_Methods,1452,1550,3
Reinforcement_Learning,640,163,4
Case_Based,2614,8,0
Rule_Learning,795,136,0
Genetic_Algorithms,1136,163,1
Neural_Networks,1629,1629,2
Neural_Networks,1435,572,2
Genetic_Algorithms,2667,163,1
Reinforcement_Learning,882,39,4
Neural_Networks,2187,1281,2
Neural_Networks,611,74,2
Case_Based,289,163,0
Case_Based,686,430,0
Neural_Networks,686,87,2
Genetic_Algorithms,1136,163,1
Neural_Networks,1365,441,2
Case_Based,289,150,0
Probabilistic_Methods,1452,74,3
Case_Based,1680,1642,0
Reinforcement_Learning,882,210,4
Neural_Networks,2614,74,2
Neural_Networks,745,197,2
Genetic_Algorithms,1136,163,1
Theory,686,430,6
Case_Based,289,150,0
Reinforcement_Learning,882,210,4
Genetic_Algorithms,1136,163,1
Rule_Learning,686,1010,5
Neural_Networks,745,124,2
Case_Based,289,163,0
Probabilistic_Methods,1654,845,3
Neural_Networks,1680,1313,2
Neural_Networks,1814,212,2
Neural_Networks,2614,87,2
Theory,640,549,6
Neural_Networks,745,124,2
Probabilistic_Methods,326,1064,3
Theory,640,308,6
Genetic_Algorithms,1136,80,1
Genetic_Algorithms,2667,426,1
Neural_Networks,882,74,2
Case_Based,1680,35,0
Probabilistic_Methods,686,87,3
Neural_Networks,882,74,6
Neural_Networks,611,227,2
Theory,2614,1236,6
Genetic_Algorithms,1136,163,1
Theory,686,74,6
Neural_Networks,611,611,2
Genetic_Algorithms,2174,910,1
Case_Based,1680,35,0
Genetic_Algorithms,1136,163,1
Neural_Networks,882,74,2
Neural_Networks,745,1677,2
Theory,2614,8,6
Rule_Learning,686,87,5
Case_Based,1680,35,0
Probabilistic_Methods,1682,1682,3
Probabilistic_Methods,1682,1682,3
Theory,882,74,6
Rule_Learning,686,236,5
Genetic_Algorithms,1136,163,1
Rule_Learning,795,344,5
Reinforcement_Learning,882,210,4
Genetic_Algorithms,882,163,1
Genetic_Algorithms,1136,80,1
Genetic_Algorithms,2667,163,1
Genetic_Algorithms,1136,163,1
Theory,2614,74,6
Reinforcement_Learning,882,210,4
Genetic_Algorithms,1136,163,1
Case_Based,1680,1354,0
Genetic_Algorithms,2667,163,1
Neural_Networks,882,74,4
Case_Based,686,430,0
Case_Based,289,163,0
Neural_Networks,745,204,2
Neural_Networks,611,1701,2
Theory,2614,74,6
Reinforcement_Learning,882,74,4
Neural_Networks,745,204,2
Theory,640,549,6
Case_Based,289,163,0
Case_Based,289,1215,0
Theory,1136,163,6
Neural_Networks,1814,212,2
Neural_Networks,1814,212,2
Reinforcement_Learning,882,163,4
Theory,795,308,6
Probabilistic_Methods,1654,1713,3
Probabilistic_Methods,1458,1458,3
Genetic_Algorithms,1136,163,1
Probabilistic_Methods,1654,1713,3
Genetic_Algorithms,1136,163,1
Neural_Networks,611,157,2
Genetic_Algorithms,1136,163,1
Rule_Learning,1720,1720,5
Rule_Learning,686,1010,5
Probabilistic_Methods,1654,1614,3
Probabilistic_Methods,1654,1614,3
Neural_Networks,611,74,2
Neural_Networks,611,1725,2
Rule_Learning,686,236,5
Theory,882,39,6
Genetic_Algorithms,1136,163,1
Genetic_Algorithms,1136,163,1
Genetic_Algorithms,2667,163,1
Probabilistic_Methods,1654,468,3
Neural_Networks,2614,74,2
Probabilistic_Methods,1654,1713,3
Genetic_Algorithms,1136,163,1
Case_Based,686,430,0
Genetic_Algorithms,2667,163,1
Genetic_Algorithms,2667,163,1
Genetic_Algorithms,1136,80,1
Theory,611,558,6
Genetic_Algorithms,1136,163,1
Reinforcement_Learning,882,39,4
Probabilistic_Methods,1654,725,3
Genetic_Algorithms,795,430,1
Neural_Networks,2041,2041,2
Genetic_Algorithms,1136,163,1
Neural_Networks,1948,1948,2
Probabilistic_Methods,1452,248,3
Theory,640,267,6
Probabilistic_Methods,326,2164,3
Rule_Learning,2649,196,5
Neural_Networks,1751,2691,2
Case_Based,289,150,0
Neural_Networks,745,2275,2
Reinforcement_Learning,611,80,4
Neural_Networks,611,611,2
Genetic_Algorithms,2667,426,1
Probabilistic_Methods,326,1268,3
Reinforcement_Learning,745,227,4
Probabilistic_Methods,1759,2288,3
Neural_Networks,745,227,2
Probabilistic_Methods,1654,126,3
Theory,1435,571,6
Neural_Networks,1680,87,2
Probabilistic_Methods,1770,1770,3
Probabilistic_Methods,1770,1770,3
Neural_Networks,745,197,2
Reinforcement_Learning,1136,500,4
Reinforcement_Learning,1136,500,4
Genetic_Algorithms,2667,163,1
Neural_Networks,1770,1770,2
Genetic_Algorithms,2667,163,1
Neural_Networks,745,2307,3
Neural_Networks,2667,2178,2
Neural_Networks,1435,747,2
Genetic_Algorithms,2667,163,1
Rule_Learning,795,136,5
Probabilistic_Methods,1802,1802,3
Neural_Networks,745,127,6
Reinforcement_Learning,611,2007,4
Reinforcement_Learning,611,2007,4
Rule_Learning,795,8,5
Reinforcement_Learning,882,294,4
Probabilistic_Methods,1654,725,3
Genetic_Algorithms,1136,163,1
Genetic_Algorithms,1136,163,1
Theory,2614,227,4
Neural_Networks,1814,2499,2
Neural_Networks,2667,2178,2
Neural_Networks,1789,2469,2
Genetic_Algorithms,882,163,1
Reinforcement_Learning,882,39,4
Theory,289,163,6
Neural_Networks,2667,2178,2
Neural_Networks,2667,2178,2
Neural_Networks,2667,2178,2
Genetic_Algorithms,1136,163,1
Genetic_Algorithms,1136,163,1
Neural_Networks,2120,2120,2
Genetic_Algorithms,1136,163,1
Probabilistic_Methods,2115,1995,3
Neural_Networks,1814,212,2
Probabilistic_Methods,1802,1802,3
Probabilistic_Methods,1654,84,3
Case_Based,1805,1805,0
Case_Based,1805,1805,0
Neural_Networks,611,257,2
Genetic_Algorithms,1136,163,1
Theory,686,227,6
Case_Based,795,35,0
Neural_Networks,745,197,2
Neural_Networks,745,204,2
Neural_Networks,2614,227,2
Neural_Networks,663,163,2
Neural_Networks,1814,212,2
Neural_Networks,2526,238,2
Reinforcement_Learning,326,294,4
Neural_Networks,1817,2464,2
Neural_Networks,663,163,2
Rule_Learning,795,8,5
Neural_Networks,745,227,2
Neural_Networks,1814,212,2
Neural_Networks,1814,87,1
Theory,686,136,6
Theory,2614,404,6
Neural_Networks,611,131,2
Genetic_Algorithms,640,163,1
Theory,1268,8,6
Reinforcement_Learning,882,2018,4
Probabilistic_Methods,611,74,3
Case_Based,795,35,0
Genetic_Algorithms,1136,163,1
Genetic_Algorithms,1136,163,1
Theory,686,74,6
Genetic_Algorithms,1136,163,1
Theory,640,267,0
Genetic_Algorithms,1136,163,1
Rule_Learning,2614,319,5
Probabilistic_Methods,686,35,3
Genetic_Algorithms,1136,163,1
Genetic_Algorithms,1136,163,1
Reinforcement_Learning,882,39,4
Probabilistic_Methods,326,1268,3
Case_Based,289,136,0
Reinforcement_Learning,611,131,4
Reinforcement_Learning,611,131,2
Neural_Networks,2028,1927,2
Neural_Networks,2028,1927,2
Theory,640,791,6
Rule_Learning,2163,2163,5
Genetic_Algorithms,1136,163,1
Neural_Networks,663,163,2
Probabilistic_Methods,1654,2578,3
Theory,1268,1861,6
Case_Based,1680,1855,0
Case_Based,1680,1855,0
Probabilistic_Methods,611,74,3
Probabilistic_Methods,611,160,3
Theory,1858,2481,6
Reinforcement_Learning,882,39,4
Case_Based,686,39,0
Theory,1268,1861,1
Theory,2614,1964,6
Theory,2614,1964,6
Case_Based,1680,1855,0
Neural_Networks,1268,8,2
Neural_Networks,1680,35,2
Neural_Networks,611,80,2
Probabilistic_Methods,611,74,3
Neural_Networks,611,80,4
Probabilistic_Methods,1654,1713,3
Neural_Networks,1814,2499,2
Genetic_Algorithms,2667,163,1
Neural_Networks,1998,1998,2
Neural_Networks,1920,1920,2
Theory,1680,35,6
Probabilistic_Methods,2614,74,3
Case_Based,795,163,1
Genetic_Algorithms,1268,8,1
Neural_Networks,745,227,2
Genetic_Algorithms,2667,163,1
Rule_Learning,289,228,5
Case_Based,1989,1989,0
Genetic_Algorithms,1136,163,6
Neural_Networks,745,745,2
Neural_Networks,745,745,2
Neural_Networks,745,745,2
Neural_Networks,745,227,2
Theory,640,2391,6
Neural_Networks,1970,74,2
Genetic_Algorithms,1136,163,1
Neural_Networks,1435,536,2
Case_Based,1136,163,0
Neural_Networks,2614,404,2
Probabilistic_Methods,1452,248,3
Neural_Networks,2614,404,2
Neural_Networks,663,163,2
Theory,640,267,6
Probabilistic_Methods,326,324,3
Probabilistic_Methods,326,8,3
Probabilistic_Methods,326,250,3
Probabilistic_Methods,2115,1995,3
Neural_Networks,745,745,2
Neural_Networks,745,747,2
Case_Based,1680,150,0
Genetic_Algorithms,1136,163,1
Probabilistic_Methods,611,74,3
Probabilistic_Methods,2115,1995,3
Probabilistic_Methods,686,35,3
Probabilistic_Methods,686,1078,3
Probabilistic_Methods,2526,227,3
Genetic_Algorithms,1136,163,1
Neural_Networks,745,127,2
Probabilistic_Methods,1654,84,3
Neural_Networks,611,227,2
Neural_Networks,1981,1981,2
Neural_Networks,745,124,2
Genetic_Algorithms,1136,163,1
Theory,795,74,6
Rule_Learning,795,344,5
Neural_Networks,1920,1920,2
Genetic_Algorithms,2667,163,1
Probabilistic_Methods,1814,212,3
Neural_Networks,611,74,2
Theory,640,2327,6
Genetic_Algorithms,1136,163,1
Probabilistic_Methods,1654,138,3
Neural_Networks,2028,1927,2
Neural_Networks,611,74,2
Neural_Networks,2349,2349,2
Genetic_Algorithms,1930,2512,1
Genetic_Algorithms,2667,163,1
Neural_Networks,745,127,2
Probabilistic_Methods,1654,138,3
Probabilistic_Methods,326,423,4
Neural_Networks,611,611,2
Genetic_Algorithms,2667,163,1
Probabilistic_Methods,326,1937,3
Probabilistic_Methods,1770,1770,3
Neural_Networks,745,2307,2
Genetic_Algorithms,1136,163,1
Probabilistic_Methods,1654,138,3
Probabilistic_Methods,1942,2573,3
Genetic_Algorithms,2667,163,1
Rule_Learning,795,136,5
Probabilistic_Methods,2115,276,3
Genetic_Algorithms,1136,163,1
Neural_Networks,686,430,6
Neural_Networks,1948,1948,2
Neural_Networks,1960,1960,2
Genetic_Algorithms,1136,163,1
Case_Based,1680,294,0
Neural_Networks,663,163,2
Neural_Networks,1268,8,2
Reinforcement_Learning,1970,180,4
Rule_Learning,2149,2149,5
Rule_Learning,2649,196,5
Reinforcement_Learning,882,294,4
Genetic_Algorithms,1136,163,1
Genetic_Algorithms,1136,163,1
Neural_Networks,1960,1960,2
Rule_Learning,2649,196,5
Theory,640,8,6
Rule_Learning,795,286,5
Theory,2614,1964,6
Genetic_Algorithms,1136,163,1
Neural_Networks,611,131,2
Theory,745,426,6
Neural_Networks,1435,747,2
Reinforcement_Learning,1136,163,4
Neural_Networks,1970,74,2
Genetic_Algorithms,2667,163,1
Probabilistic_Methods,1972,2620,3
Genetic_Algorithms,1136,80,1
Neural_Networks,611,257,2
Reinforcement_Learning,882,2655,4
Case_Based,1680,1855,0
Probabilistic_Methods,1654,1713,3
Probabilistic_Methods,1654,1713,3
Reinforcement_Learning,611,131,4
Genetic_Algorithms,1136,163,1
Neural_Networks,1981,1981,2
Probabilistic_Methods,1654,1713,3
Probabilistic_Methods,882,39,3
Genetic_Algorithms,1136,163,1
Genetic_Algorithms,2667,163,1
Theory,686,74,6
Case_Based,2614,35,6
Probabilistic_Methods,2401,2401,3
Case_Based,1989,1989,0
Neural_Networks,1970,595,2
Probabilistic_Methods,1654,1713,3
Probabilistic_Methods,1654,1713,3
Probabilistic_Methods,2115,276,3
Probabilistic_Methods,2115,1995,3
Probabilistic_Methods,2115,1995,3
Neural_Networks,1997,1997,2
Neural_Networks,1997,1997,2
Neural_Networks,1998,1998,2
Genetic_Algorithms,745,2003,1
Probabilistic_Methods,2115,276,3
Genetic_Algorithms,1136,163,1
Probabilistic_Methods,1654,1713,3
Genetic_Algorithms,745,2003,1
Theory,640,8,6
Theory,1268,2418,6
Theory,2614,404,6
Reinforcement_Learning,611,2007,4
Probabilistic_Methods,1654,1713,3
Rule_Learning,2009,2534,5
Case_Based,795,286,6
Theory,640,267,6
Theory,2614,286,6
Neural_Networks,611,74,2
Reinforcement_Learning,882,2018,4
Theory,640,2327,6
Probabilistic_Methods,2115,276,3
Probabilistic_Methods,686,1078,3
Reinforcement_Learning,882,2018,4
Neural_Networks,1814,157,2
Neural_Networks,611,160,2
Neural_Networks,745,87,2
Probabilistic_Methods,1654,1713,3
Neural_Networks,2614,286,2
Neural_Networks,745,127,2
Probabilistic_Methods,1654,468,3
Neural_Networks,1814,212,2
Reinforcement_Learning,882,294,4
Theory,640,308,6
Neural_Networks,663,163,2
Genetic_Algorithms,1136,163,1
Theory,795,344,6
Rule_Learning,795,344,6
Neural_Networks,686,430,2
Probabilistic_Methods,640,2327,3
Case_Based,1680,294,0
Theory,640,267,6
Case_Based,2614,8,0
Case_Based,795,136,0
Genetic_Algorithms,1136,163,1
Theory,640,8,6
Neural_Networks,2041,2041,2
Neural_Networks,795,88,2
Neural_Networks,611,257,2
Neural_Networks,745,74,2
Rule_Learning,686,227,5
Neural_Networks,1268,8,2
Genetic_Algorithms,2667,163,1
Case_Based,1680,1855,0
Neural_Networks,745,87,2
Neural_Networks,611,611,2
Reinforcement_Learning,1136,163,4
Case_Based,795,35,0
Theory,640,549,6
Theory,640,549,6
Genetic_Algorithms,611,611,1
Neural_Networks,611,157,2
Case_Based,795,1510,0
Genetic_Algorithms,1136,163,1
Theory,1435,308,6
Case_Based,289,35,0
Case_Based,686,35,0
Case_Based,795,35,0
Probabilistic_Methods,2063,2494,2
Probabilistic_Methods,1802,1802,3
Genetic_Algorithms,2667,163,1
Theory,795,136,6
Theory,289,163,6
Neural_Networks,745,124,2
Probabilistic_Methods,1452,248,3
Rule_Learning,2070,2602,5
Case_Based,795,35,0
Neural_Networks,611,257,2
Theory,663,163,6
Case_Based,686,430,0
Case_Based,1680,1855,0
Probabilistic_Methods,1452,248,3
Genetic_Algorithms,1136,163,1
Probabilistic_Methods,882,39,3
Rule_Learning,795,74,5
Theory,795,74,6
Probabilistic_Methods,2526,227,3
Genetic_Algorithms,2667,2178,1
Neural_Networks,1268,8,6
Neural_Networks,686,430,2
Neural_Networks,745,124,2
Genetic_Algorithms,2667,163,1
Genetic_Algorithms,1136,163,1
Probabilistic_Methods,1452,248,3
Genetic_Algorithms,1136,74,1
Neural_Networks,795,74,2
Case_Based,795,136,5
Theory,640,308,6
Neural_Networks,1970,163,2
Probabilistic_Methods,326,2164,3
Neural_Networks,611,157,2
Rule_Learning,2142,2142,1
Probabilistic_Methods,2115,1995,3
Theory,640,308,6
Theory,640,308,6
Rule_Learning,2649,196,5
Genetic_Algorithms,2667,163,1
Genetic_Algorithms,1136,163,2
Genetic_Algorithms,1136,163,1
Genetic_Algorithms,2667,163,1
Neural_Networks,2105,2621,2
Rule_Learning,2649,196,5
Neural_Networks,1268,8,2
Probabilistic_Methods,326,324,3
Neural_Networks,2185,2185,2
Theory,1268,8,6
Genetic_Algorithms,2667,163,1
Neural_Networks,2112,365,2
Theory,1970,74,6
Probabilistic_Methods,611,74,2
Probabilistic_Methods,2115,276,3
Genetic_Algorithms,2667,163,1
Neural_Networks,2117,2639,2
Reinforcement_Learning,882,74,4
Neural_Networks,2154,2154,2
Neural_Networks,2120,2120,2
Neural_Networks,2212,2212,2
Case_Based,1680,1855,0
Case_Based,1680,457,0
Neural_Networks,611,74,2
Neural_Networks,2667,163,2
Rule_Learning,795,80,5
Probabilistic_Methods,686,74,3
Case_Based,1136,163,0
Neural_Networks,1814,212,2
Genetic_Algorithms,1136,163,1
Case_Based,1136,163,0
Rule_Learning,2614,319,5
Genetic_Algorithms,1136,163,1
Theory,2134,2644,6
Neural_Networks,2614,286,2
Probabilistic_Methods,2148,2148,3
Case_Based,686,74,6
Probabilistic_Methods,2526,157,2
Genetic_Algorithms,1136,163,1
Probabilistic_Methods,326,324,3
Theory,1268,2418,6
Rule_Learning,2142,2142,5
Neural_Networks,2667,2178,2
Probabilistic_Methods,1452,248,3
Theory,882,163,4
Theory,640,267,6
Neural_Networks,1814,2499,2
Probabilistic_Methods,2148,2148,3
Rule_Learning,2149,2149,5
Reinforcement_Learning,1970,180,4
Case_Based,2614,8,0
Genetic_Algorithms,2667,163,1
Probabilistic_Methods,1654,1713,3
Neural_Networks,2154,2154,2
Neural_Networks,795,228,2
Theory,640,308,6
Case_Based,1680,35,0
Rule_Learning,289,228,5
Probabilistic_Methods,2526,227,3
Probabilistic_Methods,1452,248,3
Probabilistic_Methods,1452,248,3
Neural_Networks,1970,745,2
Rule_Learning,2163,2163,5
Probabilistic_Methods,326,2164,3
Genetic_Algorithms,1136,80,4
Probabilistic_Methods,1452,248,3
Probabilistic_Methods,1452,248,3
Theory,640,549,6
Probabilistic_Methods,795,74,3
Genetic_Algorithms,1136,163,1
Rule_Learning,795,344,6
Theory,795,136,6
Genetic_Algorithms,1136,163,1
Reinforcement_Learning,2174,910,4
Genetic_Algorithms,1136,163,1
Neural_Networks,611,227,2
Genetic_Algorithms,1136,163,1
Neural_Networks,2667,2178,2
Reinforcement_Learning,1970,180,4
Theory,686,74,6
Neural_Networks,2667,2178,2
Theory,640,267,6
Reinforcement_Learning,1970,180,4
Case_Based,289,228,0
Neural_Networks,2185,2185,2
Neural_Networks,2187,2321,2
Neural_Networks,2187,693,2
Rule_Learning,2149,2149,2
Rule_Learning,2149,2149,5
Rule_Learning,2149,2149,5
Neural_Networks,745,747,2
Genetic_Algorithms,795,430,1
Genetic_Algorithms,1136,80,1
Rule_Learning,2149,2149,5
Rule_Learning,795,286,5
Genetic_Algorithms,1136,163,1
Theory,686,430,6
Theory,640,267,6
Genetic_Algorithms,1136,163,1
Genetic_Algorithms,1136,163,1
Neural_Networks,2174,747,2
Genetic_Algorithms,1136,163,1
Neural_Networks,1435,572,2
Genetic_Algorithms,1136,163,1
Genetic_Algorithms,1136,163,1
Genetic_Algorithms,1136,163,1
Reinforcement_Learning,2614,227,4
Probabilistic_Methods,1654,126,3
Reinforcement_Learning,882,2655,4
Theory,686,227,6
Genetic_Algorithms,2667,163,1
Neural_Networks,2212,2212,2
Rule_Learning,795,80,5
Neural_Networks,2526,420,2
Case_Based,795,163,5
Genetic_Algorithms,1136,163,1
Rule_Learning,795,344,5
Neural_Networks,745,87,2
Probabilistic_Methods,1654,1713,3
Genetic_Algorithms,1136,163,1
Probabilistic_Methods,882,294,3
Reinforcement_Learning,1970,180,4
Neural_Networks,2526,356,2
Neural_Networks,1268,8,2
Theory,2614,74,6
Genetic_Algorithms,1136,163,1
Neural_Networks,611,257,2
Neural_Networks,745,124,2
Rule_Learning,795,8,5
Neural_Networks,611,157,2
Case_Based,795,136,0
Genetic_Algorithms,1435,163,1
Neural_Networks,2174,747,2
Probabilistic_Methods,1654,126,3
Probabilistic_Methods,1654,126,3
Neural_Networks,2236,2262,2
Genetic_Algorithms,1136,163,1
Genetic_Algorithms,1136,163,1
Neural_Networks,611,74,2
Rule_Learning,795,35,5
Probabilistic_Methods,2115,1995,3
Probabilistic_Methods,2526,227,3
Neural_Networks,686,87,2
Case_Based,686,87,0
Case_Based,686,87,0
Theory,640,549,6
Neural_Networks,2247,2263,2
Genetic_Algorithms,1136,163,1
Genetic_Algorithms,1136,163,1
Genetic_Algorithms,1136,163,1
Genetic_Algorithms,1136,163,1
Genetic_Algorithms,2667,163,1
Rule_Learning,795,80,5
Genetic_Algorithms,1136,163,1
Genetic_Algorithms,745,227,1
Neural_Networks,686,430,2
Genetic_Algorithms,1136,500,1
Neural_Networks,745,227,2
Genetic_Algorithms,1136,163,1
Neural_Networks,611,611,2
Genetic_Algorithms,1136,163,1
Neural_Networks,2236,2262,2
Neural_Networks,2247,2263,2
Genetic_Algorithms,2264,2519,1
Genetic_Algorithms,1136,163,1
Probabilistic_Methods,611,74,3
Genetic_Algorithms,1136,163,1
Neural_Networks,745,2275,2
Genetic_Algorithms,2667,163,1
Neural_Networks,611,257,2
Genetic_Algorithms,1136,163,1
Neural_Networks,1680,35,2
Theory,640,8,3
Genetic_Algorithms,1136,163,1
Neural_Networks,745,2275,2
Case_Based,289,231,0
Genetic_Algorithms,2667,163,1
Neural_Networks,611,2284,2
Neural_Networks,611,257,2
Genetic_Algorithms,1136,163,1
Neural_Networks,2667,80,2
Rule_Learning,795,344,5
Neural_Networks,611,2284,2
Neural_Networks,611,2284,2
Probabilistic_Methods,2526,157,3
Genetic_Algorithms,1136,163,1
Probabilistic_Methods,611,157,3
Probabilistic_Methods,1759,2288,3
Case_Based,1805,1805,0
Rule_Learning,795,286,5
Rule_Learning,795,286,5
Probabilistic_Methods,326,8,3
Probabilistic_Methods,326,1937,3
Case_Based,1136,35,0
Genetic_Algorithms,1136,163,1
Genetic_Algorithms,1136,163,1
Theory,1365,440,6
Genetic_Algorithms,1136,163,1
Case_Based,1680,1855,0
Rule_Learning,795,136,5
Probabilistic_Methods,2115,1995,3
Genetic_Algorithms,2667,163,1
Case_Based,1680,294,0
Neural_Networks,1365,440,2
Reinforcement_Learning,1970,180,4
Neural_Networks,745,227,2
Neural_Networks,745,2307,2
Case_Based,240,240,0
Reinforcement_Learning,1136,163,4
Case_Based,2614,35,0
Probabilistic_Methods,2526,157,3
Rule_Learning,795,236,5
Probabilistic_Methods,1654,126,3
Neural_Networks,2187,693,2
Theory,611,157,6
Genetic_Algorithms,1136,163,1
Genetic_Algorithms,2667,163,1
Probabilistic_Methods,1654,1713,3
Case_Based,1136,163,0
Theory,1268,1861,6
Neural_Networks,2187,2321,2
Neural_Networks,1814,2499,2
Probabilistic_Methods,326,1268,3
Theory,2614,74,6
Neural_Networks,745,611,2
Theory,2614,417,6
Theory,640,2327,6
Reinforcement_Learning,882,294,4
Theory,795,74,6
Genetic_Algorithms,2667,163,1
Theory,1435,571,6
Genetic_Algorithms,1136,74,1
Theory,2614,286,6
Genetic_Algorithms,1136,163,1
Neural_Networks,611,74,2
Neural_Networks,611,257,2
Neural_Networks,745,87,2
Case_Based,686,74,3
Rule_Learning,795,344,5
Neural_Networks,611,611,4
Probabilistic_Methods,326,1268,3
Theory,686,430,6
Probabilistic_Methods,686,74,3
Neural_Networks,611,227,2
Theory,1268,2418,6
Theory,745,426,6
Genetic_Algorithms,1136,163,1
Probabilistic_Methods,1654,725,3
Neural_Networks,2349,2349,2
Theory,640,549,6
Neural_Networks,745,2307,2
Neural_Networks,611,611,2
Genetic_Algorithms,1136,163,1
Theory,640,8,6
Neural_Networks,745,227,2
Theory,640,549,6
Neural_Networks,1814,212,2
Neural_Networks,2358,2503,2
Case_Based,1680,35,0
Theory,640,8,6
Genetic_Algorithms,1136,163,1
Probabilistic_Methods,1654,1713,3
Genetic_Algorithms,1136,163,1
Case_Based,2614,227,0
Rule_Learning,2149,2149,5
Probabilistic_Methods,2526,227,3
Theory,686,74,6
Reinforcement_Learning,882,294,4
Case_Based,2614,35,0
Neural_Networks,2187,2321,2
Case_Based,289,581,0
Case_Based,289,581,0
Neural_Networks,611,74,2
Neural_Networks,611,74,2
Probabilistic_Methods,2526,227,3
Neural_Networks,1814,2499,2
Probabilistic_Methods,1654,468,3
Neural_Networks,611,611,2
Genetic_Algorithms,1136,163,1
Probabilistic_Methods,686,35,3
Neural_Networks,611,35,1
Neural_Networks,611,74,2
Neural_Networks,745,227,2
Probabilistic_Methods,2384,2460,3
Neural_Networks,1814,611,2
Neural_Networks,2387,2387,2
Neural_Networks,2387,2387,2
Neural_Networks,2526,227,2
Probabilistic_Methods,611,74,3
Neural_Networks,611,257,2
Theory,640,2391,6
Genetic_Algorithms,1136,163,1
Neural_Networks,663,163,2
Neural_Networks,640,2391,2
Case_Based,2395,2665,0
Genetic_Algorithms,1136,163,1
Neural_Networks,1435,572,2
Case_Based,289,228,0
Case_Based,289,136,0
Neural_Networks,745,124,2
Probabilistic_Methods,2401,2401,3
Genetic_Algorithms,2667,163,1
Case_Based,289,457,0
Probabilistic_Methods,882,294,3
Neural_Networks,1435,572,2
Reinforcement_Learning,882,39,3
Genetic_Algorithms,1136,163,1
Reinforcement_Learning,882,163,4
Neural_Networks,882,294,4
Neural_Networks,745,204,2
Reinforcement_Learning,2028,227,4
Reinforcement_Learning,745,227,4
Neural_Networks,611,74,2
Neural_Networks,611,74,2
Case_Based,795,74,0
Probabilistic_Methods,2526,227,3
Probabilistic_Methods,611,131,3
Theory,1268,2418,6
Probabilistic_Methods,326,1268,3
Probabilistic_Methods,795,74,3
Probabilistic_Methods,611,74,3
Neural_Networks,1814,2499,2
Theory,2614,74,2
Rule_Learning,795,74,5
Probabilistic_Methods,326,423,3
Rule_Learning,795,344,5
Neural_Networks,640,2391,2
Probabilistic_Methods,686,88,0
Genetic_Algorithms,2667,163,1
Reinforcement_Learning,882,39,4
Rule_Learning,795,344,5
Reinforcement_Learning,611,611,4
Neural_Networks,745,227,2
Probabilistic_Methods,1452,248,3
Neural_Networks,2236,2262,2
Rule_Learning,2649,196,5
Reinforcement_Learning,745,227,4
Neural_Networks,795,136,2
Neural_Networks,1680,35,6
Neural_Networks,795,136,2
Rule_Learning,795,35,5
Reinforcement_Learning,882,74,4
Probabilistic_Methods,686,74,3
Reinforcement_Learning,1136,500,4
Neural_Networks,745,2275,2
Genetic_Algorithms,1136,80,1
Case_Based,795,286,6
Neural_Networks,2526,157,3
Rule_Learning,289,228,5
Rule_Learning,289,228,5
Genetic_Algorithms,1136,80,1
Neural_Networks,611,611,2
Reinforcement_Learning,2028,227,4
Neural_Networks,1814,212,2
Theory,640,8,6
Probabilistic_Methods,1654,725,3
Neural_Networks,1136,163,2
Probabilistic_Methods,2526,227,3
Neural_Networks,1814,87,2
Probabilistic_Methods,2384,2460,3
Probabilistic_Methods,1452,1078,3
Probabilistic_Methods,686,35,6
Probabilistic_Methods,326,423,3
Probabilistic_Methods,1817,2464,3
Case_Based,686,74,0
Case_Based,795,35,0
Theory,795,228,6
Probabilistic_Methods,795,228,3
Neural_Networks,1789,2469,2
Genetic_Algorithms,2667,163,1
Case_Based,686,87,0
Reinforcement_Learning,882,294,6
Case_Based,795,163,0
Probabilistic_Methods,326,423,3
Theory,640,549,6
Theory,882,294,6
Neural_Networks,611,227,2
Genetic_Algorithms,1136,163,1
Genetic_Algorithms,1136,163,1
Reinforcement_Learning,882,294,4
Theory,1858,2481,6
Case_Based,1680,1855,0
Theory,640,791,6
Case_Based,2614,2616,0
Reinforcement_Learning,882,294,4
Neural_Networks,1970,74,4
Theory,686,136,6
Probabilistic_Methods,2526,227,3
Case_Based,289,581,0
Genetic_Algorithms,1136,163,1
Neural_Networks,1981,1981,2
Probabilistic_Methods,326,250,3
Rule_Learning,795,74,5
Reinforcement_Learning,2063,2494,4
Theory,1435,571,6
Neural_Networks,1268,8,2
Neural_Networks,1981,1981,2
Neural_Networks,1814,2499,2
Neural_Networks,1814,2499,2
Neural_Networks,1814,2499,2
Neural_Networks,611,611,2
Case_Based,289,74,3
Neural_Networks,2358,2503,2
Genetic_Algorithms,2667,163,1
Neural_Networks,1814,2499,2
Probabilistic_Methods,2526,227,3
Neural_Networks,611,74,2
Theory,686,74,6
Theory,640,8,6
Probabilistic_Methods,1654,1713,3
Theory,1268,2418,6
Genetic_Algorithms,1930,2512,1
Neural_Networks,611,74,2
Probabilistic_Methods,686,35,3
Genetic_Algorithms,745,2003,1
Genetic_Algorithms,1136,163,1
Neural_Networks,2533,2533,2
Genetic_Algorithms,1136,163,1
Genetic_Algorithms,2264,2519,1
Case_Based,1680,35,0
Genetic_Algorithms,1136,163,3
Neural_Networks,745,2275,2
Neural_Networks,2684,2684,2
Probabilistic_Methods,1452,248,3
Probabilistic_Methods,1452,248,3
Neural_Networks,2526,157,2
Rule_Learning,2649,196,5
Theory,1858,2481,6
Probabilistic_Methods,1136,35,3
Neural_Networks,795,74,2
Probabilistic_Methods,326,423,3
Probabilistic_Methods,611,131,3
Neural_Networks,2533,2533,2
Rule_Learning,2009,2534,5
Neural_Networks,611,227,2
Reinforcement_Learning,882,294,4
Neural_Networks,2028,1927,4
Neural_Networks,745,611,2
Rule_Learning,795,74,5
Neural_Networks,611,160,2
Genetic_Algorithms,1136,163,1
Neural_Networks,2236,2262,2
Probabilistic_Methods,795,136,3
Case_Based,289,284,0
Neural_Networks,2667,2178,1
Probabilistic_Methods,2115,276,3
Case_Based,326,250,0
Theory,640,2391,6
Neural_Networks,2526,420,2
Rule_Learning,686,227,5
Reinforcement_Learning,795,163,4
Neural_Networks,1814,212,2
Neural_Networks,1680,35,2
Genetic_Algorithms,1136,163,1
Theory,795,1505,6
Case_Based,1680,150,0
Neural_Networks,686,430,6
Probabilistic_Methods,611,35,3
Probabilistic_Methods,1452,248,3
Theory,795,1505,6
Probabilistic_Methods,686,35,3
Neural_Networks,611,74,2
Genetic_Algorithms,1136,163,1
Genetic_Algorithms,1136,163,1
Case_Based,1680,35,0
Probabilistic_Methods,326,423,3
Neural_Networks,1814,2499,2
Case_Based,289,284,0
Neural_Networks,745,227,2
Neural_Networks,611,257,2
Neural_Networks,1268,8,1
Neural_Networks,2112,365,2
Probabilistic_Methods,1942,2573,3
Neural_Networks,1268,8,2
Probabilistic_Methods,2526,227,2
Neural_Networks,611,227,2
Probabilistic_Methods,686,74,3
Probabilistic_Methods,1654,2578,3
Neural_Networks,611,257,2
Theory,686,136,6
Case_Based,289,457,0
Neural_Networks,611,35,2
Theory,2614,286,6
Neural_Networks,2632,2632,2
Case_Based,795,35,0
Reinforcement_Learning,1970,74,4
Rule_Learning,795,236,5
Probabilistic_Methods,2115,1995,3
Rule_Learning,795,74,6
Probabilistic_Methods,2526,420,3
Rule_Learning,795,80,5
Probabilistic_Methods,1654,2578,3
Case_Based,686,430,0
Neural_Networks,745,227,2
Neural_Networks,611,611,2
Probabilistic_Methods,611,157,3
Case_Based,686,430,0
Genetic_Algorithms,2667,163,1
Neural_Networks,1970,745,2
Genetic_Algorithms,1136,163,1
Neural_Networks,2631,2631,2
Rule_Learning,2070,2602,5
Neural_Networks,2667,426,1
Genetic_Algorithms,2667,163,1
Case_Based,289,74,0
Neural_Networks,1814,87,2
Case_Based,2614,35,0
Neural_Networks,2526,420,2
Rule_Learning,795,74,5
Neural_Networks,745,87,0
Neural_Networks,1680,87,2
Neural_Networks,745,747,2
Genetic_Algorithms,2667,426,1
Case_Based,2614,2616,0
Neural_Networks,686,430,6
Case_Based,2614,2616,0
Rule_Learning,795,74,5
Theory,640,308,6
Neural_Networks,1435,747,2
Probabilistic_Methods,1972,2620,2
Neural_Networks,2105,2621,2
Case_Based,686,430,2
Theory,1970,74,6
Genetic_Algorithms,2667,163,1
Neural_Networks,745,747,2
Case_Based,289,136,0
Theory,2614,74,6
Reinforcement_Learning,882,39,4
Reinforcement_Learning,882,39,4
Genetic_Algorithms,640,163,1
Neural_Networks,2631,2631,2
Neural_Networks,2632,2632,2
Theory,640,267,6
Probabilistic_Methods,2614,74,3
Case_Based,795,136,0
Rule_Learning,795,136,5
Genetic_Algorithms,240,240,1
Genetic_Algorithms,1136,163,1
Neural_Networks,2117,2639,2
Rule_Learning,2070,2602,5
Genetic_Algorithms,1136,163,1
Neural_Networks,882,294,2
Genetic_Algorithms,2667,2646,1
Theory,2134,2644,6
Case_Based,1680,1855,0
Genetic_Algorithms,2667,2646,1
Reinforcement_Learning,882,39,4
Neural_Networks,1970,74,2
Rule_Learning,2649,196,5
Rule_Learning,795,163,0
Theory,1435,308,6
Case_Based,240,240,0
Theory,640,549,6
Probabilistic_Methods,611,74,3
Reinforcement_Learning,882,2655,4
Case_Based,289,163,0
Theory,2614,74,6
Case_Based,882,39,0
Genetic_Algorithms,1136,163,1
Probabilistic_Methods,326,138,3
Probabilistic_Methods,2526,227,3
Neural_Networks,1814,87,2
Rule_Learning,795,8,5
Genetic_Algorithms,1136,163,2
Case_Based,2395,2665,0
Reinforcement_Learning,2028,227,4
Genetic_Algorithms,1136,163,1
Rule_Learning,2149,2149,5
Probabilistic_Methods,611,157,3
Neural_Networks,2526,238,2
Neural_Networks,2526,238,2
Neural_Networks,882,294,4
Genetic_Algorithms,1136,163,1
Neural_Networks,795,136,6
Theory,2614,1964,6
Neural_Networks,1814,611,2
Probabilistic_Methods,686,1078,3
Neural_Networks,611,227,2
Probabilistic_Methods,1654,2578,3
Neural_Networks,611,157,2
Neural_Networks,611,160,3
Probabilistic_Methods,1654,725,3
Neural_Networks,745,74,2
Neural_Networks,2684,2684,2
Theory,640,549,6
Neural_Networks,611,157,2
Reinforcement_Learning,2174,910,4
Genetic_Algorithms,1136,163,1
Theory,882,2655,6
Theory,640,549,6
Neural_Networks,1751,2691,2
Case_Based,795,136,0
Probabilistic_Methods,1654,468,3
Theory,1435,571,6
Theory,640,267,6
Theory,640,267,6
Probabilistic_Methods,1759,2288,3
Probabilistic_Methods,1759,2288,3
Probabilistic_Methods,1654,1713,3
Probabilistic_Methods,1759,2288,3
Neural_Networks,2247,2263,2
Genetic_Algorithms,2667,163,1
Genetic_Algorithms,1136,163,1
Genetic_Algorithms,1136,163,1
Genetic_Algorithms,1136,163,1
Case_Based,289,150,0
Neural_Networks,611,227,2
